{
    "M_c": 1.3023405409630757,
    "q": 0.8749999999999999,
    "s1_z": 0.01,
    "s2_z": 0.01,
    "lambda_1": 232.9613208692348,
    "lambda_2": 520.598134087556,
    "C_1": 0.33866705151612153,
    "C_2": 0.4146678500014733,
    "a_1": 0,
    "a_2": 0,
    "d_L": 120.0,
    "t_c": -0.05815957557656209,
    "phase_c": 1.1644515460827842,
    "iota": 0.8337374361881844,
    "psi": 0.6902000288427731,
    "ra": 5.446571919019908,
    "dec": 0.93640500992398,
    "H1_SNR": 25.190013514921134,
    "L1_SNR": 17.376326507796215,
    "V1_SNR": 8.314356290252908,
    "network_SNR": 31.711228678635567,
    "epoch": 254.0,
    "gmst": 2.7288901910520846,
    "trigger_time": 1187008882.4,
    "duration": 256.0
}