{
    "M_c": 1.4,
    "q": 0.7293985440171007,
    "s1_z": 0.01,
    "s2_z": 0.02,
    "lambda_1": 200.0,
    "lambda_2": 500.0,
    "d_L": 100.0,
    "t_c": -0.0895451428029396,
    "phase_c": 3.8567087000372386,
    "iota": 0.8337374361881844,
    "psi": 2.634020274327402,
    "ra": 5.446571919019908,
    "dec": 0.93640500992398,
    "H1_SNR": 33.886475817398065,
    "L1_SNR": 22.943843283027437,
    "V1_SNR": 11.062994866440132,
    "network_SNR": 42.39225216161684,
    "epoch": 126.0,
    "gmst": 2.7288901910520846,
    "trigger_time": 1187008882.4,
    "duration": 128.0
}