{
    "M_c": 30.0,
    "q": 0.8,
    "d_L": 1800.0,
    "t_c": 0.05,
    "phase_c": 2.5,
    "iota": 0.8,
    "psi": 0.5,
    "ra": 3.4,
    "dec": -0.5,
    "H1_SNR": 29.94057742648212,
    "L1_SNR": 27.460581807524672,
    "V1_SNR": 3.1845708136192687,
    "network_SNR": 40.751235823050585,
    "epoch": -1.0,
    "gmst": 2.4565542958441404,
    "trigger_time": 1126259462.4,
    "duration": 1.0,
    "s1_mag": 0.33166247903553997,
    "s1_theta": 0.44051066300469843,
    "s1_phi": 5.497787143782138,
    "s2_mag": 0.30000000000000004,
    "s2_theta": 2.300523983021863,
    "s2_phi": 5.81953769817878
}