{
    "sampler": "blackjax-smc",
    "seed": 1,
    "n_particles": 10000,
    "n_mcmc_steps": 1000,
    "target_ess": 0.9,
    "scale_proposal": 0.01,
    "sampling_time_minutes": 4.434194242954254,
    "n_samples": 10000,
    "n_annealing_steps": 58,
    "logZ": 852.5870490547181,
    "effective_sample_size": 9980.124129332216,
    "n_likelihood_evaluations": 580000000,
    "lmbda_history": [
        2.1282583475112915e-05,
        5.8732129805491584e-05,
        0.00014618190843876082,
        0.0002649119032777683,
        0.00047651192665658517,
        0.0007938149939520547,
        0.001041573485565035,
        0.0016381899583859513,
        0.002319307092345263,
        0.0032291430628356658,
        0.0041256727511452046,
        0.005575450507402621,
        0.0073683197041186956,
        0.009521469077013919,
        0.012170110473258017,
        0.015275166583525792,
        0.019077609945288128,
        0.02347249728628872,
        0.02621421268697419,
        0.027254328121421086,
        0.028513657201597604,
        0.029955262530533527,
        0.031679198962679934,
        0.03373159476451542,
        0.03617726999215269,
        0.038979828417859484,
        0.04244603238297375,
        0.0465143144395284,
        0.050951770709302936,
        0.05577224234817532,
        0.06125620063455572,
        0.06714877464676214,
        0.07381392946658107,
        0.08090490024432373,
        0.08869713985006329,
        0.09756877108748485,
        0.10734891910285219,
        0.1182182971936103,
        0.1304790939569514,
        0.14413501425335046,
        0.15975413234040173,
        0.17767166774162074,
        0.19730259846394488,
        0.22094772989804756,
        0.2475279434592653,
        0.2767721196068674,
        0.3110265651137687,
        0.3499873736722461,
        0.39448134098343846,
        0.44424518829580417,
        0.5002141482147447,
        0.5628551544794556,
        0.6306787749209365,
        0.7048631103539931,
        0.7875280997696136,
        0.8794730321813226,
        0.9809028315150582,
        1.0
    ],
    "ess_history": [
        0.9991742528597414,
        0.9987316725522484,
        0.9966665281282217,
        0.996059521837569,
        0.9923626052451621,
        0.9888818977132966,
        0.9947672286712108,
        0.9812340617750451,
        0.9830738360014721,
        0.9796842613243325,
        0.9853136588678377,
        0.9738802891030491,
        0.9716753546462037,
        0.970954770453597,
        0.9640507300708387,
        0.91046889556046,
        0.5286303212944234,
        0.22441323269384345,
        0.7185780997494137,
        0.9697214423162285,
        0.9696066515987712,
        0.9725781475472058,
        0.9709126901825003,
        0.9677700640673333,
        0.9629391573465491,
        0.9609158068110667,
        0.9499468792706807,
        0.9442360986178048,
        0.9445915308300832,
        0.9474536244669964,
        0.9444168688740393,
        0.9468912115469915,
        0.944277408748511,
        0.9485772510955124,
        0.9514686500147973,
        0.9505242436640966,
        0.9537148810716152,
        0.9554476763909492,
        0.9566317481790956,
        0.9584624648998429,
        0.9594248828557495,
        0.9571461580375674,
        0.9606150819097501,
        0.9548858606441606,
        0.9552661207315518,
        0.9560510522398481,
        0.9530480079894146,
        0.9511068116917903,
        0.9494518287232135,
        0.9485656190626631,
        0.9472942258236846,
        0.9433188432333166,
        0.9449126596533963,
        0.9458033506670723,
        0.9448644916159052,
        0.9434940629976002,
        0.9435461289351783,
        0.9980124129332217
    ],
    "acceptance_history": [
        0.035630373270820255,
        0.7513658084708249,
        0.7534649999245673,
        0.7522256359723005,
        0.7526867955921205,
        0.7503901442270934,
        0.7491680795810691,
        0.7472901943049879,
        0.7421948201981824,
        0.736857355793301,
        0.7300717049902433,
        0.7223690165308698,
        0.711692181784909,
        0.6995638891905129,
        0.6858615140822548,
        0.6655682044773964,
        0.636048038641032,
        0.5439990018305184,
        0.19765659873474326,
        0.05297450698766764,
        0.04268763551024407,
        0.03632778257434206,
        0.04962268321793085,
        0.08570390011010218,
        0.15655039141236454,
        0.2620667548412253,
        0.4286171063078901,
        0.5747415425462202,
        0.5924558682261014,
        0.5925052883314122,
        0.5953315817548817,
        0.5942789284985596,
        0.5996251017254308,
        0.6003059026835199,
        0.6047550381694516,
        0.6067858436440714,
        0.6097627822318675,
        0.6128200286806157,
        0.616287509715582,
        0.615915313408064,
        0.6124869148724258,
        0.6076449071661228,
        0.5951872646573763,
        0.5873561259065935,
        0.5757607043549535,
        0.5601603504102831,
        0.547272026820485,
        0.5329648087927369,
        0.5157113057909737,
        0.4973180442346049,
        0.47838651143930794,
        0.4579481888666334,
        0.43482916603047456,
        0.412279549619327,
        0.3925381956387182,
        0.3691472901625523,
        0.3512130854282378,
        0.33218566816288125
    ]
}