{
    "M_c": 1.4320424144810002,
    "q": 0.7092336687397314,
    "s1_z": 0.04555364519956233,
    "s2_z": 0.045158503270808656,
    "lambda_1": 3183.81942573287,
    "lambda_2": 765.7761534279583,
    "d_L": 199.03723961771001,
    "t_c": 0.015301845013875284,
    "phase_c": 5.280007999486815,
    "iota": 2.573466660526621,
    "psi": 0.2968863982631925,
    "ra": 1.1539535102995142,
    "dec": 0.6240822004956668,
    "H1_SNR": 27.393928860081996,
    "L1_SNR": 29.910394992676267,
    "V1_SNR": 6.3542567337845846,
    "network_SNR": 41.0540576027266,
    "epoch": 126.0,
    "gmst": 2.7288901910520846,
    "trigger_time": 1187008882.4,
    "duration": 128.0
}