{
    "M_c": 2.1722051926432155,
    "q": 0.5759096078929733,
    "s1_z": -0.040272021786801206,
    "s2_z": 0.004950256966023268,
    "lambda_1": 2604.2945979722545,
    "lambda_2": 994.8801167421584,
    "d_L": 195.93982232217104,
    "t_c": 0.055341655768830295,
    "phase_c": 0.44545485123365863,
    "iota": 2.041201542117915,
    "psi": 0.666000301276326,
    "ra": 5.8295173770683,
    "dec": -0.46763622995579013,
    "H1_SNR": 15.425469914546126,
    "L1_SNR": 14.345097135339312,
    "V1_SNR": 9.324182168076169,
    "network_SNR": 23.03621728952819,
    "epoch": 62.0,
    "gmst": 2.7288901910520846,
    "trigger_time": 1187008882.4,
    "duration": 64.0
}