{
    "M_c": 1.860976196139607,
    "q": 0.9952016415486601,
    "s1_z": 0.001807186543581231,
    "s2_z": -0.02479728825764249,
    "lambda_1": 4510.53811721426,
    "lambda_2": 4359.34240951063,
    "d_L": 130.10511289767,
    "t_c": 0.07707992471840241,
    "phase_c": 0.8601152511646638,
    "iota": 0.8936440500858442,
    "psi": 1.168562359641125,
    "ra": 1.3929947664115878,
    "dec": -0.5622925923490645,
    "H1_SNR": 23.52531673439525,
    "L1_SNR": 27.763272141945365,
    "V1_SNR": 6.2588751727133305,
    "network_SNR": 36.92442722519801,
    "epoch": 126.0,
    "gmst": 2.7288901910520846,
    "trigger_time": 1187008882.4,
    "duration": 128.0
}