{
    "M_c": 1.1162168795097112,
    "q": 0.6004636592833263,
    "s1_z": -0.029915557725258377,
    "s2_z": 0.02045998199419205,
    "lambda_1": 3757.578125013823,
    "lambda_2": 1012.2907865604348,
    "d_L": 144.04661378460023,
    "t_c": -0.032940837483545066,
    "phase_c": 1.5039877102788373,
    "iota": 0.49241615504128333,
    "psi": 3.0636196451057183,
    "ra": 1.4118429063754891,
    "dec": -0.10603984279279881,
    "H1_SNR": 19.675532718129784,
    "L1_SNR": 28.23787423015017,
    "V1_SNR": 4.456641212529412,
    "network_SNR": 34.703973543056854,
    "epoch": 254.0,
    "gmst": 2.7288901910520846,
    "trigger_time": 1187008882.4,
    "duration": 256.0
}