{
    "M_c": 1.4359330480132844,
    "q": 0.9766933045645265,
    "s1_z": -0.04282713008856831,
    "s2_z": -0.006562931576845309,
    "lambda_1": 1514.9681942354243,
    "lambda_2": 4936.6418991204155,
    "d_L": 173.64088087402652,
    "t_c": -0.08707079101920963,
    "phase_c": 6.048655129574812,
    "iota": 2.2530005047949113,
    "psi": 1.9030395389907022,
    "ra": 5.768433233484857,
    "dec": -1.028679721683396,
    "H1_SNR": 15.740391342087381,
    "L1_SNR": 13.197269835607171,
    "V1_SNR": 10.776390575979796,
    "network_SNR": 23.196086837265298,
    "epoch": 126.0,
    "gmst": 2.7288901910520846,
    "trigger_time": 1187008882.4,
    "duration": 128.0
}