{
    "M_c": 2.1729333747235575,
    "q": 0.9550591189894861,
    "s1_z": -0.007308809372201977,
    "s2_z": -0.03923186685251177,
    "lambda_1": 4242.177262517714,
    "lambda_2": 4982.8166068991995,
    "d_L": 160.36912465307043,
    "t_c": 0.021636768369756518,
    "phase_c": 4.033726257329564,
    "iota": 2.2062247157903903,
    "psi": 0.12279552897508807,
    "ra": 4.24025041257742,
    "dec": 0.2129945951716446,
    "H1_SNR": 24.03134341033274,
    "L1_SNR": 31.338252414678674,
    "V1_SNR": 7.45351894778602,
    "network_SNR": 40.18888497105216,
    "epoch": 62.0,
    "gmst": 2.7288901910520846,
    "trigger_time": 1187008882.4,
    "duration": 64.0
}