{
    "M_c": 2.0799579858653754,
    "q": 0.771597604270526,
    "s1_z": -0.03023381148818076,
    "s2_z": 0.042920595469037745,
    "lambda_1": 593.1860419442303,
    "lambda_2": 1282.1792163702062,
    "d_L": 100.6608620830858,
    "t_c": 0.06962815380715212,
    "phase_c": 1.7430467134267031,
    "iota": 1.9751899606852148,
    "psi": 0.9202803284899266,
    "ra": 2.6409602359030724,
    "dec": 0.06722360762075705,
    "H1_SNR": 25.89388286500948,
    "L1_SNR": 19.294096623976237,
    "V1_SNR": 12.575966494064575,
    "network_SNR": 34.654152242148385,
    "epoch": 126.0,
    "gmst": 2.7288901910520846,
    "trigger_time": 1187008882.4,
    "duration": 128.0
}